Position,,,,,
Position,,,,,
Position,,,,,
Position,,,,,
Position,,,,,
Position,,,,,
Position,,,,,
Position,,,,,
Position,,,,,
Position,,,,,
Position,,,,,
Position,,,,,
Position,,,,,
Position,,,,,
Position,,,,,
Position,,,,,
Position,,,,,
Position,,,,,
Position,,,,,
Position,,,,,
Position,,,,,
Position,,,,,
Position,,,,,
Position,,,,,
Position,,,,,
Position,,,,,
Position,,,,,
Position,,,,,
Position,,,,,
Position,,,,,
Position,,,,,
Position,,,,,
Position,,,,,
Position,,,,,
Position,,,,,
Position,,,,,
Position,,,,,
Position,,,,,
Position,,,,,
Position,,,,,
Position,,,,,
Position,,,,,
Position,,,,,
Position,,,,,
Position,,,,,
Position,,,,,
Position,,,,,
Position,,,,,
Position,,,,,
Position,,,,,
Position,,,,,
Position,,,,,
Position,,,,,
Position,,,,,
Position,,,,,
Position,,,,,
Position,,,,,
Position,,,,,
Position,,,,,
Position,,,,,
Position,,,,,
Position,,,,,
Position,,,,,
Position,,,,,
Position,,,,,
Position,,,,,
Position,,,,,
Position,,,,,
Position,,,,,
Position,,,,,
Position,,,,,
Position,,,,,
Position,,,,,
Position,,,,,
Position,,,,,
Position,,,,,
Position,,,,,
Position,,,,,
Position,,,,,
Position,,,,,
Position,,,,,
Position,,,,,
Position,,,,,
Position,,,,,
Position,,,,,
Position,,,,,
Position,,,,,
Position,,,,,
Position,,,,,
Position,,,,,
Position,,,,,
Position,,,,,
Position,,,,,
Position,,,,,
Position,,,,,
Position,,,,,
Position,,,,,
Position,,,,,
Position,,,,,
Position,,,,,
Position,,,,,
Position,,,,,
Position,,,,,
Position,,,,,
Position,,,,,
Position,,,,,
Position,,,,,
Position,,,,,
Position,,,,,
Position,,,,,
Position,,,,,
Position,,,,,
Position,,,,,
Position,,,,,
Position,,,,,
Position,,,,,
Position,,,,,
Position,,,,,
Position,,,,,
Position,,,,,
Position,,,,,
Position,,,,,
Position,,,,,
Position,,,,,
Position,,,,,
Position,,,,,
Position,,,,,
Position,,,,,
Position,,,,,
Position,,,,,
Position,,,,,
Position,,,,,
Position,,,,,
Position,,,,,
Position,,,,,
Position,,,,,
Position,,,,,
Position,,,,,
Position,,,,,
Position,,,,,
Position,,,,,
Position,,,,,
Position,,,,,
Position,,,,,
Position,,,,,
Position,,,,,
Position,,,,,
Position,,,,,
Position,,,,,
Position,,,,,
Position,,,,,
Position,,,,,
Position,,,,,
Position,,,,,
Position,,,,,
Position,,,,,
Position,,,,,
Position,,,,,
Position,,,,,
Position,,,,,
Position,,,,,
Position,,,,,
Position,,,,,
Position,,,,,
Position,,,,,
Position,,,,,
Position,,,,,
Position,,,,,
Position,,,,,
Position,,,,,
Position,,,,,
Position,,,,,
Position,,,,,
Position,,,,,
Position,,,,,
Position,,,,,
Position,,,,,
Position,,,,,
Position,,,,,
Position,,,,,
Position,,,,,
Position,,,,,
Position,,,,,
Position,,,,,
Position,,,,,
Position,,,,,
Position,,,,,
Position,,,,,
Position,,,,,
Position,,,,,
Position,,,,,
Position,,,,,
Position,,,,,
Position,,,,,
Position,,,,,
Position,,,,,
Position,,,,,
Position,,,,,
Position,,,,,
Position,,,,,
Position,,,,,
Position,,,,,
Position,,,,,
Position,,,,,
Position,,,,,
Position,,,,,
Position,,,,,
Position,,,,,
Position,,,,,
Position,,,,,
Position,,,,,
Position,,,,,
Position,,,,,
Position,,,,,
Position,,,,,
Position,,,,,
Position,,,,,
Position,,,,,
Position,,,,,
Position,,,,,
Position,,,,,
Position,,,,,
Position,,,,,
Position,,,,,
Position,,,,,
Position,,,,,
Position,,,,,
Position,,,,,
Position,,,,,
Position,,,,,
Position,,,,,
Position,,,,,
Position,,,,,
Position,,,,,
Position,,,,,
Position,,,,,
Position,,,,,
Position,,,,,
Position,,,,,
Position,,,,,
Position,,,,,
Position,,,,,
Position,,,,,
Position,,,,,
Position,,,,,
Position,,,,,
Position,,,,,
Position,,,,,
Position,,,,,
Position,,,,,
Position,,,,,
Position,,,,,
Position,,,,,
Position,,,,,
Position,,,,,
Position,,,,,
Position,,,,,
Position,,,,,
Position,,,,,
Position,,,,,
Position,,,,,
Position,,,,,
Position,,,,,
Position,,,,,
Position,,,,,
Position,,,,,
Position,,,,,
Position,,,,,
Position,,,,,
Position,,,,,
Position,,,,,
Position,,,,,
Position,,,,,
Position,,,,,
Position,,,,,
Position,,,,,
Position,,,,,
Position,,,,,
Position,,,,,
Position,,,,,
Position,,,,,
Position,,,,,
Position,,,,,
Position,,,,,
Position,,,,,
Position,,,,,
Position,,,,,
Position,,,,,
Position,,,,,
Position,,,,,
Position,,,,,
Position,,,,,
Position,,,,,
Position,,,,,
Position,,,,,
Position,,,,,
Position,,,,,
Position,,,,,
Position,,,,,
Position,,,,,
Position,,,,,
Position,,,,,
Position,,,,,
Position,,,,,
Position,,,,,
Position,,,,,
Position,,,,,
Position,,,,,
Position,,,,,
Position,,,,,
Position,,,,,
Position,,,,,
Position,,,,,
Position,,,,,
Position,,,,,
Position,,,,,
Position,,,,,
Position,,,,,
Position,,,,,
Position,,,,,
Position,,,,,
Position,,,,,
Position,,,,,
Position,,,,,
Position,,,,,
Position,,,,,
Position,,,,,
Position,,,,,
Position,,,,,
Position,,,,,
Position,,,,,
Position,,,,,
Position,,,,,
Position,,,,,
Position,,,,,
Position,,,,,
Position,,,,,
Position,,,,,
Position,,,,,
Position,,,,,
Position,,,,,
Position,,,,,
Position,,,,,
Position,,,,,
Position,,,,,
Position,,,,,
Position,,,,,
Position,,,,,
Position,,,,,
Position,,,,,
Position,,,,,
Position,,,,,
Position,,,,,
Position,,,,,
Position,,,,,
Position,,,,,
Position,,,,,
Position,,,,,
Position,,,,,
Position,,,,,
Position,,,,,
Position,,,,,
Position,,,,,
Position,,,,,
Position,,,,,
Position,,,,,
Position,,,,,
Position,,,,,
Position,,,,,
Position,,,,,
Position,,,,,
Position,,,,,
Position,,,,,
Position,,,,,
Position,,,,,
Position,,,,,
Position,,,,,
Position,,,,,
Position,,,,,
Position,,,,,
Position,,,,,
Position,,,,,
Position,,,,,
Position,,,,,
Position,,,,,
Position,,,,,
Position,,,,,
Position,,,,,
Position,,,,,
Position,,,,,
Position,,,,,
Position,,,,,
Position,,,,,
Position,,,,,
Position,,,,,
Position,,,,,
Position,,,,,
Position,,,,,
Position,,,,,
Position,,,,,
Position,,,,,
Position,,,,,
Position,,,,,
Position,,,,,
Position,,,,,
Position,,,,,
Position,,,,,
Position,,,,,
Position,,,,,
Position,,,,,
Position,,,,,
Position,,,,,
Position,,,,,
Position,,,,,
Position,,,,,
Position,,,,,
Position,,,,,
Position,,,,,
Position,,,,,
Position,,,,,
Position,,,,,
Position,,,,,
Position,,,,,
Position,,,,,
Position,,,,,
Position,,,,,
Position,,,,,
Position,,,,,
Position,,,,,
Position,,,,,
Position,,,,,
Position,,,,,
Position,,,,,
Position,,,,,
Position,,,,,
Position,,,,,
Position,,,,,
Position,,,,,
Position,,,,,
Position,,,,,
Position,,,,,
Position,,,,,
Position,,,,,
Position,,,,,
Position,,,,,
Position,,,,,
Position,,,,,
Position,,,,,
Position,,,,,
Position,,,,,
Position,,,,,
Position,,,,,
Position,,,,,
Position,,,,,
Position,,,,,
Position,,,,,
Position,,,,,
Position,,,,,
Position,,,,,
Position,,,,,
Position,,,,,
Position,,,,,
Position,,,,,
Position,,,,,
Position,,,,,
Position,,,,,
Position,,,,,
Position,,,,,
Position,,,,,
Position,,,,,
Position,,,,,
Position,,,,,
Position,,,,,
Position,,,,,
Position,,,,,
Position,,,,,
Position,,,,,
Position,,,,,
Position,,,,,
Position,,,,,
Position,,,,,
Position,,,,,
Position,,,,,
Position,,,,,
Position,,,,,
Position,,,,,
Position,,,,,
Position,,,,,
Position,,,,,
Position,,,,,
Position,,,,,
Position,,,,,
Position,,,,,
Position,,,,,
Position,,,,,
Position,,,,,
Position,,,,,
Position,,,,,
Position,,,,,
Position,,,,,
Position,,,,,
Position,,,,,
Position,,,,,
Position,,,,,
Position,,,,,
Position,,,,,
Position,,,,,
Position,,,,,
Position,,,,,
Position,,,,,
Position,,,,,
Position,,,,,
Position,,,,,
Position,,,,,
Position,,,,,
Position,,,,,
Position,,,,,
Position,,,,,
Position,,,,,
Position,,,,,
Position,,,,,
Position,,,,,
Position,,,,,
Position,,,,,
Position,,,,,
Position,,,,,
Position,,,,,
Position,,,,,
Position,,,,,
Position,,,,,
Position,,,,,
Position,,,,,
Position,,,,,
Position,,,,,
Position,,,,,
Position,,,,,
Position,,,,,
Position,,,,,
Position,,,,,
Position,,,,,
Position,,,,,
Position,,,,,
Position,,,,,
Position,,,,,
Position,,,,,
Position,,,,,
Position,,,,,
Position,,,,,
Position,,,,,
Position,,,,,
Position,,,,,
Position,,,,,
Position,,,,,
Position,,,,,
Position,,,,,
Position,,,,,
Position,,,,,
Position,,,,,
Position,,,,,
Position,,,,,
Position,,,,,
Position,,,,,
Position,,,,,
Position,,,,,
Position,,,,,
Position,,,,,
Position,,,,,
Position,,,,,
Position,,,,,
Position,,,,,
Position,,,,,
Position,,,,,
Position,,,,,
Position,,,,,
Position,,,,,
Position,,,,,
Position,,,,,
Position,,,,,
Position,,,,,
Position,,,,,
Position,,,,,
Position,,,,,
Position,,,,,
Position,,,,,
Position,,,,,
Position,,,,,
Position,,,,,
Position,,,,,
Position,,,,,
Position,,,,,
Position,,,,,
Position,,,,,
Position,,,,,
Position,,,,,
Position,,,,,
Position,,,,,
Position,,,,,
Position,,,,,
Position,,,,,
Position,,,,,
Position,,,,,
Position,,,,,
Position,,,,,
Position,,,,,
Position,,,,,
Position,,,,,
Position,,,,,
Position,,,,,
Position,,,,,
Position,,,,,
Position,,,,,
Position,,,,,
Position,,,,,
Position,,,,,
Position,,,,,
Position,,,,,
Position,,,,,
Position,,,,,
Position,,,,,
Position,,,,,
Position,,,,,
Position,,,,,
Position,,,,,
Position,,,,,
Position,,,,,
Position,,,,,
Position,,,,,
Position,,,,,
Position,,,,,
Position,,,,,
Position,,,,,
Position,,,,,
Position,,,,,
Position,,,,,
Position,,,,,
Position,,,,,
Position,,,,,
Position,,,,,
Position,,,,,
Position,,,,,
Position,,,,,
Position,,,,,
Position,,,,,
Position,,,,,
Position,,,,,
Position,,,,,
Position,,,,,
Position,,,,,
Position,,,,,
Position,,,,,
Position,,,,,
Position,,,,,
Position,,,,,
Position,,,,,
Position,,,,,
Position,,,,,
Position,,,,,
Position,,,,,
Position,,,,,
Position,,,,,
Position,,,,,
Position,,,,,
Position,,,,,
Position,,,,,
Position,,,,,
Position,,,,,
Position,,,,,
Position,,,,,
Position,,,,,
Position,,,,,
Position,,,,,
Position,,,,,
Position,,,,,
Position,,,,,
Position,,,,,
Position,,,,,
Position,,,,,
Position,,,,,
Position,,,,,
Position,,,,,
Position,,,,,
Position,,,,,
Position,,,,,
Position,,,,,
Position,,,,,
Position,,,,,
Position,,,,,
Position,,,,,
Position,,,,,
Position,,,,,
Position,,,,,
Position,,,,,
Position,,,,,
Position,,,,,
Position,,,,,
Position,,,,,
Position,,,,,
Position,,,,,
Position,,,,,
Position,,,,,
Position,,,,,
Position,,,,,
Position,,,,,
Position,,,,,
Position,,,,,
Position,,,,,
Position,,,,,
Position,,,,,
Position,,,,,
Position,,,,,
Position,,,,,
Position,,,,,
Position,,,,,
Position,,,,,
Position,,,,,
Position,,,,,
Position,,,,,
Position,,,,,
Position,,,,,
Position,,,,,
Position,,,,,
Position,,,,,
Position,,,,,
Position,,,,,
Position,,,,,
Position,,,,,
Position,,,,,
Position,,,,,
Position,,,,,
Position,,,,,
Position,,,,,
Position,,,,,
Position,,,,,
Position,,,,,
Position,,,,,
Position,,,,,
Position,,,,,
Position,,,,,
Position,,,,,
Position,,,,,
Position,,,,,
Position,,,,,
Position,,,,,
Position,,,,,
Position,,,,,
Position,,,,,
Position,,,,,
Position,,,,,
Position,,,,,
Position,,,,,
Position,,,,,
Position,,,,,
Position,,,,,
Position,,,,,
Position,,,,,
Position,,,,,
Position,,,,,
Position,,,,,
Position,,,,,
Position,,,,,
Position,,,,,
Position,,,,,
Position,,,,,
Position,,,,,
Position,,,,,
Position,,,,,
Position,,,,,
Position,,,,,
Position,,,,,
Position,,,,,
Position,,,,,
Position,,,,,
Position,,,,,
Position,,,,,
Position,,,,,
Position,,,,,
Position,,,,,
Position,,,,,
Position,,,,,
Position,,,,,
Position,,,,,
Position,,,,,
Position,,,,,
Position,,,,,
Position,,,,,
Position,,,,,
Position,,,,,
Position,,,,,
Position,,,,,
Position,,,,,
Position,,,,,
Position,,,,,
Position,,,,,
Position,,,,,
Position,,,,,
Position,,,,,
Position,,,,,
Position,,,,,
Position,,,,,
Position,,,,,
Position,,,,,
Position,,,,,
Position,,,,,
Position,,,,,
Position,,,,,
Position,,,,,
Position,,,,,
Position,,,,,
Position,,,,,
Position,,,,,
Position,,,,,
Position,,,,,
Position,,,,,
Position,,,,,
Position,,,,,
Position,,,,,
Position,,,,,
Position,,,,,
Position,,,,,
Position,,,,,
Position,,,,,
Position,,,,,
Position,,,,,
Position,,,,,
Position,,,,,
Position,,,,,
Position,,,,,
Position,,,,,
Position,,,,,
Position,,,,,
Position,,,,,
Position,,,,,
Position,,,,,
Position,,,,,
Position,,,,,
Position,,,,,
Position,,,,,
Position,,,,,
Position,,,,,
Position,,,,,
Position,,,,,
Position,,,,,
Position,,,,,
Position,,,,,
Position,,,,,
Position,,,,,
Position,,,,,
Position,,,,,
Position,,,,,
Position,,,,,
Position,,,,,
Position,,,,,
Position,,,,,
Position,,,,,
Position,,,,,
Position,,,,,
Position,,,,,
Position,,,,,
Position,,,,,
Position,,,,,
Position,,,,,
Position,,,,,
Position,,,,,
Position,,,,,
Position,,,,,
Position,,,,,
Position,,,,,
Position,,,,,
Position,,,,,
Position,,,,,
Position,,,,,
Position,,,,,
Position,,,,,
Position,,,,,
Position,,,,,
Position,,,,,
Position,,,,,
Position,,,,,
Position,,,,,
Position,,,,,
Position,,,,,
Position,,,,,
Position,,,,,
Position,,,,,
Position,,,,,
Position,,,,,
Position,,,,,
Position,,,,,
Position,,,,,
Position,,,,,
Position,,,,,
Position,,,,,
Position,,,,,
Position,,,,,
Position,,,,,
Position,,,,,
Position,,,,,
Position,,,,,
Position,,,,,
Position,,,,,
Position,,,,,
Position,,,,,
Position,,,,,
Position,,,,,
Position,,,,,
Position,,,,,
Position,,,,,
Position,,,,,
Position,,,,,
Position,,,,,
Position,,,,,
Position,,,,,
Position,,,,,
Position,,,,,
Position,,,,,
Position,,,,,
Position,,,,,
Position,,,,,
Position,,,,,
Position,,,,,
Position,,,,,
Position,,,,,
Position,,,,,
Position,,,,,
Position,,,,,
Position,,,,,
Position,,,,,
Position,,,,,
Position,,,,,
Position,,,,,
Position,,,,,
Position,,,,,
Position,,,,,
Position,,,,,
Position,,,,,
Position,,,,,
Position,,,,,
Position,,,,,
Position,,,,,
Position,,,,,
Position,,,,,
Position,,,,,
Position,,,,,
Position,,,,,
Position,,,,,
Position,,,,,
Position,,,,,
Position,,,,,
Position,,,,,
Position,,,,,
Position,,,,,
Position,,,,,
Position,,,,,
Position,,,,,
Position,,,,,
Position,,,,,
Position,,,,,
Position,,,,,
Position,,,,,
Position,,,,,
Position,,,,,
Position,,,,,
Position,,,,,
Position,,,,,
Position,,,,,
Position,,,,,
Position,,,,,
Position,,,,,
Position,,,,,
Position,,,,,
Position,,,,,
Position,,,,,
Position,,,,,
Position,,,,,
Position,,,,,
Position,,,,,
Position,,,,,
Position,,,,,
Position,,,,,
Position,,,,,
Position,,,,,
Position,,,,,
Position,,,,,
Position,,,,,
Position,,,,,
Position,,,,,
Position,,,,,
Position,,,,,
Position,,,,,
Position,,,,,
Position,,,,,
Position,,,,,
Position,,,,,
Position,,,,,
Position,,,,,
Position,,,,,
Position,,,,,
Position,,,,,
Position,,,,,
Position,,,,,
Position,,,,,
Position,,,,,
Position,,,,,
Position,,,,,
Position,,,,,
Position,,,,,
Position,,,,,
Position,,,,,
Position,,,,,
Position,,,,,
Position,,,,,
Position,,,,,
Position,,,,,
Position,,,,,
Position,,,,,
Position,,,,,
Position,,,,,
Position,,,,,
Position,,,,,
Position,,,,,
Position,,,,,
Position,,,,,
Position,,,,,
Position,,,,,
Position,,,,,
Position,,,,,
Position,,,,,
Position,,,,,
Position,,,,,
Position,,,,,
Position,,,,,
Position,,,,,
Position,,,,,
Position,,,,,
Position,,,,,
Position,,,,,
Position,,,,,
Position,,,,,
Position,,,,,
Position,,,,,
Position,,,,,
Position,,,,,
Position,,,,,
Position,,,,,
Position,,,,,
Position,,,,,
Position,,,,,
Position,,,,,
Position,,,,,
Position,,,,,
Position,,,,,
Position,,,,,
Position,,,,,
Position,,,,,
Position,,,,,
Position,,,,,
Position,,,,,
Position,,,,,
Position,,,,,
Position,,,,,
Position,,,,,
Position,,,,,
Position,,,,,
Position,,,,,
Position,,,,,
Position,,,,,
Position,,,,,
Position,,,,,
Position,,,,,
Position,,,,,
Position,,,,,
Position,,,,,
Position,,,,,
Position,,,,,
Position,,,,,
Position,,,,,
Position,,,,,
Position,,,,,
Position,,,,,
Position,,,,,
Position,,,,,
Position,,,,,
Position,,,,,
Position,,,,,
Position,,,,,
Position,,,,,
Position,,,,,
Position,,,,,
Position,,,,,
Position,,,,,
Position,,,,,
Position,,,,,
Position,,,,,
Position,,,,,
Position,,,,,
Position,,,,,
Position,,,,,
Position,,,,,
Position,,,,,
Position,,,,,
Position,,,,,
Position,,,,,
Position,,,,,
Position,,,,,
Position,,,,,
Position,,,,,
Position,,,,,
Position,,,,,
Position,,,,,
Position,,,,,
Position,,,,,
Position,,,,,
Position,,,,,
Position,,,,,
Position,,,,,
Position,,,,,
Position,,,,,
Position,,,,,
Position,,,,,
Position,,,,,
Position,,,,,
Position,,,,,
Position,,,,,
Position,,,,,
Position,,,,,
Position,,,,,
Position,,,,,
Position,,,,,
Position,,,,,
Position,,,,,
Position,,,,,
Position,,,,,
Position,,,,,
Position,,,,,
Position,,,,,
Position,,,,,
Position,,,,,
Position,,,,,
Position,,,,,
Position,,,,,
Position,,,,,
Position,,,,,
Position,,,,,
Position,,,,,
Position,,,,,
Position,,,,,
Position,,,,,
Position,,,,,
Position,,,,,
Position,,,,,
Position,,,,,
